--
-- Script was generated by Devart dbForge Data Generator for SQL Server, Version 4.5.10.0
-- Product Home Page: http://www.devart.com/dbforge/sql/data-generator
-- Script date 27-08-2022 16:03:54
-- Target server version: 15.00.2095
-- Target connection string: Data Source=LAPTOP-85QRUTE7\SQLEXPRESS;Integrated Security=True;User ID=LAPTOP-85QRUTE7\0x50r1nc3
--



SET LANGUAGE 'English'
SET DATEFORMAT ymd
SET ARITHABORT, ANSI_PADDING, ANSI_WARNINGS, CONCAT_NULL_YIELDS_NULL, QUOTED_IDENTIFIER, ANSI_NULLS, NOCOUNT ON
SET NUMERIC_ROUNDABORT, IMPLICIT_TRANSACTIONS, XACT_ABORT OFF
GO

--
-- Backing up database chummaveruthe
--
--
-- Create backup folder
--
IF OBJECT_ID('xp_create_subdir') IS NOT NULL
  EXEC xp_create_subdir N'C:\Program Files\Microsoft SQL Server\MSSQL15.SQLEXPRESS\MSSQL\Backup'
--
-- Backup database to the file with the name: <database_name>_<yyyy>_<mm>_<dd>_<hh>_<mi>.bak
--
DECLARE @db_name SYSNAME
SET @db_name = N'chummaveruthe'

DECLARE @filepath NVARCHAR(4000)
SET @filepath =
/*define base part*/ N'C:\Program Files\Microsoft SQL Server\MSSQL15.SQLEXPRESS\MSSQL\Backup\' + @db_name + '_' +
/*append date*/ REPLACE(CONVERT(NVARCHAR(10), GETDATE(), 102), '.', '_') + '_' +
/*append time*/ REPLACE(CONVERT(NVARCHAR(5), GETDATE(), 108), ':', '_') + '.bak'

DECLARE @SQL NVARCHAR(MAX)
SET @SQL = 
    N'BACKUP DATABASE ' + QUOTENAME(@db_name) + ' TO DISK = @filepath WITH INIT' + 
      CASE WHEN EXISTS(
                SELECT value
                FROM sys.configurations WITH (NOLOCK)
                WHERE name = 'backup compression default'
          )
        THEN ', COMPRESSION'
        ELSE ''
      END

EXEC sys.sp_executesql @SQL, N'@filepath NVARCHAR(4000)', @filepath = @filepath
GO

USE chummaveruthe
GO

IF DB_NAME() <> N'chummaveruthe' SET NOEXEC ON
GO
--
-- Delete data from the table 'dbo.user_qualification'
--
TRUNCATE TABLE dbo.user_qualification
GO
--
-- Delete data from the table 'dbo.user_batch'
--
TRUNCATE TABLE dbo.user_batch
GO
--
-- Delete data from the table 'dbo.enquiries'
--
TRUNCATE TABLE dbo.enquiries
GO
--
-- Delete data from the table 'dbo.course_enrollment'
--
TRUNCATE TABLE dbo.course_enrollment
GO
--
-- Delete data from the table 'dbo.activity_log'
--
TRUNCATE TABLE dbo.activity_log
GO
--
-- Delete data from the table 'dbo.batches'
--
DELETE dbo.batches
GO
--
-- Delete data from the table 'dbo.users'
--
DELETE dbo.users
GO
--
-- Delete data from the table 'dbo.courses'
--
DELETE dbo.courses
GO
--
-- Delete data from the table 'dbo.role'
--
DELETE dbo.role
GO
--
-- Delete data from the table 'dbo.qualifications'
--
DELETE dbo.qualifications
GO
--
-- Delete data from the table 'dbo.instructor'
--
DELETE dbo.instructor
GO
--
-- Delete data from the table 'dbo.category'
--
DELETE dbo.category
GO

--
-- Inserting data into table dbo.category
--
INSERT dbo.category(categoryId, categoryName, categoryStatus, categoryComments) VALUES (N'CA000', 'Crafts', 1, 'Office')
INSERT dbo.category(categoryId, categoryName, categoryStatus, categoryComments) VALUES (N'CA001', 'Clothing', 1, 'Shoes')
INSERT dbo.category(categoryId, categoryName, categoryStatus, categoryComments) VALUES (N'CA002', 'Games', 1, 'Baby')
INSERT dbo.category(categoryId, categoryName, categoryStatus, categoryComments) VALUES (N'CA003', 'Movies', 1, 'Tools')
INSERT dbo.category(categoryId, categoryName, categoryStatus, categoryComments) VALUES (N'CA004', 'Patio', 1, 'Home')
INSERT dbo.category(categoryId, categoryName, categoryStatus, categoryComments) VALUES (N'CA005', 'Automotive', 1, 'Health')
INSERT dbo.category(categoryId, categoryName, categoryStatus, categoryComments) VALUES (N'CA006', 'Toys', 1, 'Outdoors')
INSERT dbo.category(categoryId, categoryName, categoryStatus, categoryComments) VALUES (N'CA007', 'Music', 1, 'Movies')
INSERT dbo.category(categoryId, categoryName, categoryStatus, categoryComments) VALUES (N'CA008', 'Books', 1, 'Furniture')
INSERT dbo.category(categoryId, categoryName, categoryStatus, categoryComments) VALUES (N'CA009', 'Outdoors', 1, 'Accessories')
INSERT dbo.category(categoryId, categoryName, categoryStatus, categoryComments) VALUES (N'CA010', 'Audible', 1, 'Electronics')
INSERT dbo.category(categoryId, categoryName, categoryStatus, categoryComments) VALUES (N'CA011', 'Jewelry', 1, 'Pets')
INSERT dbo.category(categoryId, categoryName, categoryStatus, categoryComments) VALUES (N'CA012', 'Food', 1, 'Sports')
INSERT dbo.category(categoryId, categoryName, categoryStatus, categoryComments) VALUES (N'CA013', 'Gifts', 1, 'Accessories')
INSERT dbo.category(categoryId, categoryName, categoryStatus, categoryComments) VALUES (N'CA014', 'Baby', 1, 'Books')
INSERT dbo.category(categoryId, categoryName, categoryStatus, categoryComments) VALUES (N'CA015', 'Computers', 1, 'Health')
INSERT dbo.category(categoryId, categoryName, categoryStatus, categoryComments) VALUES (N'CA016', 'Home', 1, 'Crafts')
INSERT dbo.category(categoryId, categoryName, categoryStatus, categoryComments) VALUES (N'CA017', 'Garden', 1, 'Clothing')
INSERT dbo.category(categoryId, categoryName, categoryStatus, categoryComments) VALUES (N'CA018', 'Pets', 1, 'Pets')
INSERT dbo.category(categoryId, categoryName, categoryStatus, categoryComments) VALUES (N'CA019', 'Pharmacy', 1, 'Movies')
INSERT dbo.category(categoryId, categoryName, categoryStatus, categoryComments) VALUES (N'CA020', 'Sports', 1, 'Office')
INSERT dbo.category(categoryId, categoryName, categoryStatus, categoryComments) VALUES (N'CA021', 'Furniture', 1, 'Audible')
INSERT dbo.category(categoryId, categoryName, categoryStatus, categoryComments) VALUES (N'CA022', 'Office', 1, 'Sports')
INSERT dbo.category(categoryId, categoryName, categoryStatus, categoryComments) VALUES (N'CA023', 'Beauty', 1, 'Sports')
INSERT dbo.category(categoryId, categoryName, categoryStatus, categoryComments) VALUES (N'CA024', 'Accessories', 1, 'Movies')
GO

--
-- Inserting data into table dbo.instructor
--
SET IDENTITY_INSERT dbo.instructor ON
GO
INSERT dbo.instructor(instructorId, instructorName, instructorEmail, instructorPhone) VALUES (1, 'Carrillo253', 'Smothers@example.com', '+971 3 412 2259')
INSERT dbo.instructor(instructorId, instructorName, instructorEmail, instructorPhone) VALUES (2, 'Vicente5', 'nsdolbat.bxchu@nowhere.com', '+33 7 65 79 52 74')
INSERT dbo.instructor(instructorId, instructorName, instructorEmail, instructorPhone) VALUES (3, 'Garth1984', 'CyrusDyson49@nowhere.com', '+33 0 45 37 04 41')
INSERT dbo.instructor(instructorId, instructorName, instructorEmail, instructorPhone) VALUES (4, 'Cyndi858', 'WilberGaddis@example.com', '+49 9465 400031')
INSERT dbo.instructor(instructorId, instructorName, instructorEmail, instructorPhone) VALUES (5, 'Stanford1965', 'HymanMatson@example.com', '+971 4 057 5521')
INSERT dbo.instructor(instructorId, instructorName, instructorEmail, instructorPhone) VALUES (6, 'Newsome2005', 'Allman691@example.com', '+420 509 147 840')
INSERT dbo.instructor(instructorId, instructorName, instructorEmail, instructorPhone) VALUES (7, 'Emelia2000', 'Nelida.Slaughter89@nowhere.com', '+49 (1989) 917153')
INSERT dbo.instructor(instructorId, instructorName, instructorEmail, instructorPhone) VALUES (8, 'Styles2002', 'Schwarz@nowhere.com', '+49 (4094) 992947')
INSERT dbo.instructor(instructorId, instructorName, instructorEmail, instructorPhone) VALUES (9, 'Seals2010', 'Bray@example.com', '+55 58 0640-0920')
INSERT dbo.instructor(instructorId, instructorName, instructorEmail, instructorPhone) VALUES (10, 'Derick687', 'Siegel77@nowhere.com', '+55 08 8302-0061')
INSERT dbo.instructor(instructorId, instructorName, instructorEmail, instructorPhone) VALUES (11, 'Ozella2025', 'Lawler@example.com', '+55 78 3706-9366')
INSERT dbo.instructor(instructorId, instructorName, instructorEmail, instructorPhone) VALUES (12, 'Nagle24', 'Shelby_Blackmon@example.com', '+1 916-401-6546')
INSERT dbo.instructor(instructorId, instructorName, instructorEmail, instructorPhone) VALUES (13, 'Courtney5', 'WilliamsCass123@nowhere.com', '+49 2728 907648')
INSERT dbo.instructor(instructorId, instructorName, instructorEmail, instructorPhone) VALUES (14, 'Lozano3', 'CherrylHHolloway@nowhere.com', '+49-2742-585253')
INSERT dbo.instructor(instructorId, instructorName, instructorEmail, instructorPhone) VALUES (15, 'Mel2004', 'Mcmaster@nowhere.com', '+55 78 5459-6607')
INSERT dbo.instructor(instructorId, instructorName, instructorEmail, instructorPhone) VALUES (16, 'Gaylord292', 'avptw0627@example.com', '+44 858 290 5949')
INSERT dbo.instructor(instructorId, instructorName, instructorEmail, instructorPhone) VALUES (17, 'Jack895', 'ChristianBauer64@nowhere.com', '+49 4212 726500')
INSERT dbo.instructor(instructorId, instructorName, instructorEmail, instructorPhone) VALUES (18, 'Ward2012', 'MarkusPfeifer@example.com', '+44 605 324 9890')
INSERT dbo.instructor(instructorId, instructorName, instructorEmail, instructorPhone) VALUES (19, 'Wallace24', 'HongForsythe942@example.com', '+971 4 454 2013')
INSERT dbo.instructor(instructorId, instructorName, instructorEmail, instructorPhone) VALUES (20, 'Courtney985', 'Farrell@example.com', '+55 28 4901-7885')
INSERT dbo.instructor(instructorId, instructorName, instructorEmail, instructorPhone) VALUES (21, 'Rosario741', 'Hallman52@example.com', '+380 63 869-261-3')
INSERT dbo.instructor(instructorId, instructorName, instructorEmail, instructorPhone) VALUES (22, 'Soriano2008', 'Abreu@nowhere.com', '+49 6298 741188')
INSERT dbo.instructor(instructorId, instructorName, instructorEmail, instructorPhone) VALUES (23, 'Farr189', 'KathyrnKay@nowhere.com', '+49 (1484) 353578')
INSERT dbo.instructor(instructorId, instructorName, instructorEmail, instructorPhone) VALUES (24, 'Maddie2004', 'Dolan@example.com', '+1 397-497-0804')
INSERT dbo.instructor(instructorId, instructorName, instructorEmail, instructorPhone) VALUES (25, 'Craig479', 'odtyk412@example.com', '+44 6936 79 2319')
GO
SET IDENTITY_INSERT dbo.instructor OFF
GO

--
-- Inserting data into table dbo.qualifications
--
SET IDENTITY_INSERT dbo.qualifications ON
GO
INSERT dbo.qualifications(qualificationId, qualificationName, qualificationStatus) VALUES (1, 'Ph. D', 1)
INSERT dbo.qualifications(qualificationId, qualificationName, qualificationStatus) VALUES (2, 'Post Graduate', 1)
INSERT dbo.qualifications(qualificationId, qualificationName, qualificationStatus) VALUES (3, 'Under Graduate', 1)
INSERT dbo.qualifications(qualificationId, qualificationName, qualificationStatus) VALUES (4, 'Senior Secondary', 1)
INSERT dbo.qualifications(qualificationId, qualificationName, qualificationStatus) VALUES (5, 'High School', 1)
GO
SET IDENTITY_INSERT dbo.qualifications OFF
GO

--
-- Inserting data into table dbo.role
--
SET IDENTITY_INSERT dbo.role ON
GO
INSERT dbo.role(roleId, roleName) VALUES (1, 'Admin')
INSERT dbo.role(roleId, roleName) VALUES (2, 'User')
GO
SET IDENTITY_INSERT dbo.role OFF
GO

--
-- Inserting data into table dbo.courses
--
INSERT dbo.courses(courseId, courseName, courseCategoryId, courseDuration, courseDescription, courseInstructorID, courseMinQualificationId, courseBatchSize, courseVideoLink, courseSyllabus, courseRating, courseStatus) VALUES (N'CA000French00', 'French', 'CA000', '6', 'Et velit.', 1, 1, 20, 'http://www.asntted.il/nehadall/oularan/ourtiobut/withis.asp', 0x4ED6509E3CB6847094893AD580F473E3DF241D92F6081AA8078ABE4E0689A0B620D2671B825F847763310203C1FBB2188E51CDF1DF390545BCA796B1F835690AE883B5AD8D576180A0A62EC50616E70CD7A5BFB4BCAFD7E6CD215FDAC8D27E2DC7F81B3D45048B36F04D51390B3F3FA5BF8ADA5375B54E38ACCEE06BF886B7CD2700FD0EFAAAC6D31989C46F5E9EDB8DE2B91A3EF82BB712A9E2907724203E699583120A4231AB15C3063AECF1DFDA0EF252883F, 5, 1)
INSERT dbo.courses(courseId, courseName, courseCategoryId, courseDuration, courseDescription, courseInstructorID, courseMinQualificationId, courseBatchSize, courseVideoLink, courseSyllabus, courseRating, courseStatus) VALUES (N'CA001Chinese01', 'Chinese', 'CA001', '6', 'Illo distinctio.', 2, 2, 20, 'http://www.henhen.cn/meeate/forit/alhathe/butarevernt.htm', 0x79D5FB48EB6418194FAEF84A5AD9DA8CD14BB10E057AF1F1CB21C9078284D298FEFD1BAD16C157CC93FB745741A2960500822106D73166FFE40A7DC99A1097CADC604B5CBD2D7510F4E47A090599AF288AC307FF62CBC0CD971CC80B438D318264AA7AE1563A47D30C1111F2B65CF94A5B553FD6099767109F7EC4A1646ACC67B3F8A55B1ECED24F7B34F351BACE173B227DAFEE4D5A79, 3, 1)
INSERT dbo.courses(courseId, courseName, courseCategoryId, courseDuration, courseDescription, courseInstructorID, courseMinQualificationId, courseBatchSize, courseVideoLink, courseSyllabus, courseRating, courseStatus) VALUES (N'CA002Afrikaans02', 'Afrikaans', 'CA002', '12', 'Fuga magni. Rerum facilis.', 3, 3, 20, 'https://www.enthisho.com/inon/but/ashetha/erewitheeve.asp', 0x426941D776A66EA144AA3FBEB69E2C8D82F05BD4A41656D16689, 2, 1)
INSERT dbo.courses(courseId, courseName, courseCategoryId, courseDuration, courseDescription, courseInstructorID, courseMinQualificationId, courseBatchSize, courseVideoLink, courseSyllabus, courseRating, courseStatus) VALUES (N'CA003Malayalam03', 'Malayalam', 'CA003', '6', 'Est architecto. Et optio.', 4, 4, 20, 'https://www.thameera.ar/tendme/thiwasuld/meterhe/hisitngis.php?t=79&p=5868', 0xE6BBDE19587ED919B48CFAD9D5C5510C0F8E59848451226C5DFFA4272B137071EC2888E66690E73FDC8577008716850F530A47420D04F9949872BC58D9B2EDA11C89ECAC3C6AA57FA719A7FFDA22, 0, 1)
INSERT dbo.courses(courseId, courseName, courseCategoryId, courseDuration, courseDescription, courseInstructorID, courseMinQualificationId, courseBatchSize, courseVideoLink, courseSyllabus, courseRating, courseStatus) VALUES (N'CA004Polish04', 'Polish', 'CA004', '6', 'Autem ut; corporis nesciunt.', 5, 5, 20, 'https://www.ithbutyouon.fi/lees/oulhathen/enomeoul/threteal.html', 0x467995D421CB2D63E82EF34DF4D48E652A97D5E3FD2AD8D2E864C89BF35CFABA768D75DE44DDCCD5EF25047E491CB1AA18B47D68043EE61CA0C3EBBC0391708B3439D7665EAF214CCBFFF4D7255A89CBB31D823FDF91B638A7583E80F10FD25DB579490F454A4B6992, 2, 1)
INSERT dbo.courses(courseId, courseName, courseCategoryId, courseDuration, courseDescription, courseInstructorID, courseMinQualificationId, courseBatchSize, courseVideoLink, courseSyllabus, courseRating, courseStatus) VALUES (N'CA005Breton05', 'Breton', 'CA005', '6', 'Exercitationem sit; optio?', 6, 1, 20, 'http://www.nearhadthi.fr/tiotiing/hahibut/notleti/reeraat.asp', 0x9C04490EF7463A2009E60F31ABA2839FBF0571A05ABB2D9622AC10798568D119ACAFF5B1EE9861F746D105EC4E84CEA78CA68B46F7F2D5E1D6B3EC4A, 5, 1)
INSERT dbo.courses(courseId, courseName, courseCategoryId, courseDuration, courseDescription, courseInstructorID, courseMinQualificationId, courseBatchSize, courseVideoLink, courseSyllabus, courseRating, courseStatus) VALUES (N'CA006Faroese06', 'Faroese', 'CA006', '6', 'Dolore voluptas recusandae.', 7, 2, 20, 'https://www.ionansthad.no/ar/me/st/showasingin.htm', 0xC09BA114F584FBADD1B026A4795A89B641489DDD69EDDFDC8B21B9DA14DA3BAC16C1853663D758FFD2F9BAF564A17D984C2A956A4F6DCCD3BBC489D4CB2199F7757A8DB7D453526AF09D0B6F33E978E9A3218DE945D05DA9F5B27A9F4E8334B160C37FE914C5C3F8D82B79B1615CA0D24C9F30A993B0B1A41DE3C221D8B31B6C68590F6F6A8ED4DD5E9510, 0, 1)
INSERT dbo.courses(courseId, courseName, courseCategoryId, courseDuration, courseDescription, courseInstructorID, courseMinQualificationId, courseBatchSize, courseVideoLink, courseSyllabus, courseRating, courseStatus) VALUES (N'CA007Shona07', 'Shona', 'CA007', '6', 'Exercitationem et sapiente.', 8, 3, 20, 'http://ouhinmeyou.us/areforour/buterame/henti/butshowit.asp', 0x57AB479812A852AE528B1DB011DACB3103A120240F0C48084D3068BDCA534AFE9F984D729B290F30606D19DD3B5E5E8FC2A3DABC75EB094A623F4AE24094E3FF401F10788D5996DA91EFC4A2F26BCCEED1D8FA27788E89B38E030F5BDE2DF0CB89199C1C4DE502690C002A85276757F7735B106799BC87B2965DEA89493AFB64FEF819D9CEB0A1EBD6911A7863, 2, 1)
INSERT dbo.courses(courseId, courseName, courseCategoryId, courseDuration, courseDescription, courseInstructorID, courseMinQualificationId, courseBatchSize, courseVideoLink, courseSyllabus, courseRating, courseStatus) VALUES (N'CA008Tsonga08', 'Tsonga', 'CA008', '3', 'Corrupti sint. Sed unde.', 9, 4, 20, 'http://witenth.net/evetioere/areerewaome.asp', 0x8B27AB18E8821D8931CD92EA86F0FB781FD204C6862F4D7E28C3BA249008A10E4E92D1C3DD3152784775C64C46E429B0F05D7248749C7C5CD92DF024C7F8F8292C849BF31E379AEE7F8C7F1168013844990A3432965899B11675EAB0402DB04E7C9C20C1483692, 5, 1)
INSERT dbo.courses(courseId, courseName, courseCategoryId, courseDuration, courseDescription, courseInstructorID, courseMinQualificationId, courseBatchSize, courseVideoLink, courseSyllabus, courseRating, courseStatus) VALUES (N'CA009Kuanyama09', 'Kuanyama', 'CA009', '12', 'Omnis ut. Doloremque et.', 10, 5, 20, 'https://www.isthi.ge/tederth/erthehad/lenese/wasrearth.html#3', 0xC383C9E81D6AF3D7F5AC8BBDC4C593D3EAE9DCA84DEAAD51DB3194CBE176FB62777B6F128EB194AB8112BB94A2F289B6094CD65E59E96BD8D6770CECD627F57EB0284649568144395531263A2F18AEE8A7DDC295A09D088D10973C17A4A8D55A1C3CE47AAC406088079D0928C330A9BDC92445F86560DE131FB839BE452D94AD5CCC1DF234343B667C3A8D0293E0CADFED7E4D8063DCF5BC5ED05A, 0, 1)
INSERT dbo.courses(courseId, courseName, courseCategoryId, courseDuration, courseDescription, courseInstructorID, courseMinQualificationId, courseBatchSize, courseVideoLink, courseSyllabus, courseRating, courseStatus) VALUES (N'CA010Kikuyu10', 'Kikuyu', 'CA010', '6', 'Et ducimus; doloribus fugit.', 11, 1, 20, 'https://www.thormeme.dk/erear/eaforon/ere/eveuldening.php', 0x07A142D9095CCBF612B78894E8DE7B2AD2DB7F3EED59D1C6DF13497FD7619363DA465EDAF7B4F93715D4CC36F5B9978461CAE983511B07ADD07CF9F5124B1FB02324B9A180A0331EE14829188C9AD0267BC51E0C781012BE3FB00A7ABA0324C9B51B12D1FFF604C097CBA108F1EE2135ACD3794C2C12381312FB62CF96B863DE2360637188FF2685C15E75AD6E0ACD508FD4CEE78AD7, 3, 1)
INSERT dbo.courses(courseId, courseName, courseCategoryId, courseDuration, courseDescription, courseInstructorID, courseMinQualificationId, courseBatchSize, courseVideoLink, courseSyllabus, courseRating, courseStatus) VALUES (N'CA011Igbo11', 'Igbo', 'CA011', '3', 'Et obcaecati. Sit molestias.', 12, 2, 20, 'http://www.atterngar.it/theallea/shoeraal/terteoul/meyouonse.htm', 0xA2E3FEBF0493342ADF67C3E4918BB0ADACACF48BCE9D8BA5072D113FC1E97B534BC3C18D894021F18C339645AB253BC5DF27213A954CCD045759B7D681F568F5EB6F98CEC922236C8B02FE9A0746F9E2F24C6099C741BEFFF5BC352F884A6F97CBA0593B8C6DFBBD03B5AF924E33FD115FD5E43595CF2EAAB1, 3, 1)
INSERT dbo.courses(courseId, courseName, courseCategoryId, courseDuration, courseDescription, courseInstructorID, courseMinQualificationId, courseBatchSize, courseVideoLink, courseSyllabus, courseRating, courseStatus) VALUES (N'CA012Kongo12', 'Kongo', 'CA012', '3', 'Minus est magnam sed.', 13, 3, 20, 'http://ntent.org/in/henou.asp?id=710', 0xD80DECF4E3409366CF66ECBE558450A29612912BB0C2BE24D0B3663902FC72AE8AF295EED10FD16EFFE7639624A17F5FE4F2381B1885E9164EC72430DA5964D3F43E3363EF62D18641222CC95E27FF2E34065510C3569505097F9F09EBA094A58390A2E66E1C6F8220B2DAF6581FB726C8F5FCD30453109DA82D5970C2C89BA08E8646CE8519C01796D2EF117C9FACEAC77940F5A4C0A12F7F043D40C3FFC058173967D1D9E8A0AF35E43D3164FF2109816FA948, 5, 1)
INSERT dbo.courses(courseId, courseName, courseCategoryId, courseDuration, courseDescription, courseInstructorID, courseMinQualificationId, courseBatchSize, courseVideoLink, courseSyllabus, courseRating, courseStatus) VALUES (N'CA013Avestan13', 'Avestan', 'CA013', '3', 'Repellat laudantium.', 14, 4, 20, 'https://www.youourhat.dk/ingalloul/re/tervearea.php?t=56', 0xA5FCCDE5174E81DB8054971296F94337DA11DFD891C0C0836FCA80E234BE535677D1723D9AECC1991ED4B58FA51FCD05DED1A65EC970F5E43B49754CCE9EA6C100419AC587059C, 5, 1)
INSERT dbo.courses(courseId, courseName, courseCategoryId, courseDuration, courseDescription, courseInstructorID, courseMinQualificationId, courseBatchSize, courseVideoLink, courseSyllabus, courseRating, courseStatus) VALUES (N'CA014Gujarati14', 'Gujarati', 'CA014', '3', 'Repudiandae ut.', 15, 5, 20, 'http://www.hadtitiha.ar/ithesea/tioteand/as/armeeveas.php?t=69&p=918', 0x4F45B9BD0B30DD4FFC7B046318F58C07DB8D01, 5, 1)
INSERT dbo.courses(courseId, courseName, courseCategoryId, courseDuration, courseDescription, courseInstructorID, courseMinQualificationId, courseBatchSize, courseVideoLink, courseSyllabus, courseRating, courseStatus) VALUES (N'CA015Maltese15', 'Maltese', 'CA015', '12', 'Quod quos. Ipsum omnis.', 16, 1, 20, 'http://thaer.ch/hadhenwit/notaned.php', 0x7675CB802DF48E6485087DD834B80E84B638D9, 0, 1)
INSERT dbo.courses(courseId, courseName, courseCategoryId, courseDuration, courseDescription, courseInstructorID, courseMinQualificationId, courseBatchSize, courseVideoLink, courseSyllabus, courseRating, courseStatus) VALUES (N'CA016Pali16', 'Pali', 'CA016', '6', 'Ut consequatur. Molestiae!', 17, 2, 20, 'http://www.eshision.it/entor/hadter/ourthase/alntreme.php', 0x6B264F539A43A80BB493E9FA044B77D97A398F17A178CAF4FD2C2E5FE60850A2B4F6E5502578E5EA4B83AFF21E83D4E94135097CA9C169F25B5B556E144824AC4247450D6626B40253A4CC1DC9D8D57A57451EB1FED4F9F28CF2F5CA, 0, 1)
INSERT dbo.courses(courseId, courseName, courseCategoryId, courseDuration, courseDescription, courseInstructorID, courseMinQualificationId, courseBatchSize, courseVideoLink, courseSyllabus, courseRating, courseStatus) VALUES (N'CA017Slovak17', 'Slovak', 'CA017', '6', 'Non alias enim blanditiis.', 18, 3, 20, 'http://www.wasmenthi.nl/hati/aneaoul/ingatfornd.php?t=86&p=8890', 0x77D6025F03AFD73DC6821A80072805F54C298385DA16CF2A72AD6E4D52817431E9DFDCCECABEC528FD3C90C20331F7ABF4FD3FC87144486106D7ED55418AEB450EE996274C362B8E645A879E850C2641B6C3595441ACBFA5977BC7F2D070E673514BB41A9ACF5EBDD2B16417BCA9DBFAB1AC9F7E319603612AF190D16F39BDF374144D3A570CA6E6649B828F47A8E9ED9FCC4024D06842BA4852EFA93E8C4D98F470A3A85CA1A2A505B8199513731A8207A332A2F899230BD192F1051CFDA7, 3, 1)
INSERT dbo.courses(courseId, courseName, courseCategoryId, courseDuration, courseDescription, courseInstructorID, courseMinQualificationId, courseBatchSize, courseVideoLink, courseSyllabus, courseRating, courseStatus) VALUES (N'CA018Wolof18', 'Wolof', 'CA018', '6', 'Necessitatibus vitae. Cum.', 19, 4, 20, 'http://www.hadse.ca/ntteome/thaallve/uldhadhad/eveeareve.htm#5', 0x4DE99BD7054190FE2A9A1E174EADA6D4386DA19B5AAA9F5A4D97D6CAAF9D89071141, 0, 1)
INSERT dbo.courses(courseId, courseName, courseCategoryId, courseDuration, courseDescription, courseInstructorID, courseMinQualificationId, courseBatchSize, courseVideoLink, courseSyllabus, courseRating, courseStatus) VALUES (N'CA019Zulu19', 'Zulu', 'CA019', '6', 'Hic delectus. Sed nobis.', 20, 5, 20, 'http://www.erashose.com/hishoou/ingted/seonwa/toourwa.php?t=60', 0x2AD7427DC61333785D7A0BBD24EB1DCCAE5C0C7DA349408A6D6AC54F8D1117060C657CFCF6F0DB88273242E042D9B2DF91D0DAAB04C4A4E096B80F5B4DE3EB4C6304B1BE6E20D6BE8183567107604894B8E6BDBC376B0148C19C663E, 0, 1)
INSERT dbo.courses(courseId, courseName, courseCategoryId, courseDuration, courseDescription, courseInstructorID, courseMinQualificationId, courseBatchSize, courseVideoLink, courseSyllabus, courseRating, courseStatus) VALUES (N'CA020Turkmen20', 'Turkmen', 'CA020', '6', 'Eaque qui aut. Qui in!', 21, 1, 20, 'http://www.neallveto.de/allarou/esfornt/foreath/leour.htm', 0x7F3A4346F57C3D28F47071FA1B2A806D33D8366F7BA366262E14F70269FCD2BA98DE0148132A11E40A6CC4764CC11C4180DA8EC42FCE65DCD41C18E1843ABFF79EB7623D29375909C651650FDEF0DA6DF7B6818E6E0D8AC9782574F611305FCFACCCD7945EDF18498185FDDD6856FDE342AAE9CEB93189902C98C403C362F796F295621218450E189E38, 1, 1)
INSERT dbo.courses(courseId, courseName, courseCategoryId, courseDuration, courseDescription, courseInstructorID, courseMinQualificationId, courseBatchSize, courseVideoLink, courseSyllabus, courseRating, courseStatus) VALUES (N'CA021Persian21', 'Persian', 'CA021', '12', 'Nihil in odio dignissimos est.', 22, 2, 20, 'http://aseshinne.ae/esbutis/thaented/ea/wasoulistio.htm#3647', 0xE810AC60222790B4674690167B434668C61A14851E8E67EBD3F4EBCBFD9CD12F8024A0808037A2DC32AE8F4F617FE6CED1DD48FE8AB2EE5AA9C18D2D3CC5B7CA75619557A3C6E78E78375370FE1789540D1DF91F54D2A5CD3546D7BEAA74A06DF6C5DA00E98E2A0BF5BA85525F7E5B9138391F1ECC9776A2BBC7215DEF29E30397E679393D886B7FF2EE2A9A4D526DB7EA4586715581A05F4E3744216DCD1BCCD682BA79, 2, 1)
INSERT dbo.courses(courseId, courseName, courseCategoryId, courseDuration, courseDescription, courseInstructorID, courseMinQualificationId, courseBatchSize, courseVideoLink, courseSyllabus, courseRating, courseStatus) VALUES (N'CA022Tigrinya22', 'Tigrinya', 'CA022', '12', 'Atque nemo. Dolor ipsam.', 23, 3, 20, 'http://www.notithwas.tw/erareth/athenhinle.php', 0x2254AFCEA02CDE6CDC5568596972AAA272AE16451AEA0643491125D25EC3CA98F4B2C8F1D7A3B454C2F271E1DCC7035A712963D4A434EA374D6B848F070B0E188BD065B6AAB8CACFF9C18327792467810DCA613460F6F3BFC891A36B1E254DB6E359560B614CB0B85F94DAE3B1C2BE290402813CA9D9B895DDA6EE19155EB0D473CC441FCD5C20C119A9D5CC1B100E05D379671BA4100D09A0C12EBB5D97A200E3066FE57E9E5BA7E2BF230004EC79CD97E9469B, 3, 1)
INSERT dbo.courses(courseId, courseName, courseCategoryId, courseDuration, courseDescription, courseInstructorID, courseMinQualificationId, courseBatchSize, courseVideoLink, courseSyllabus, courseRating, courseStatus) VALUES (N'CA023Romansh23', 'Romansh', 'CA023', '3', 'Veniam tempore.', 24, 4, 20, 'http://www.hiwitatthe.ua/eveouar/erereare/herngalhen.asp', 0x952F62BF3A7F0B2E64638207D4E814A02986341EBF39E4ED0C05B4486024745106094DD60C25441F4F797E5CA0F82F03642C6E62117D365C4B75B234CAC3CD40EE3100CB9A3E93034215CE46BA884D13D6B0E334B5113F89D2F18B97730F548CAC3D6D6EF8646826986A20FCAFF0A1C3279E5E19E0998ADDF277F8A8B2FC9033C041997C1ADE1B7148BC9B4BF143D9E150C86FD5B03AAB13B3907C816BBF739CDAEC3B6D5624A84982ECD123FD3FEBAE9D1658EA8DBA82859686C98A62, 1, 1)
INSERT dbo.courses(courseId, courseName, courseCategoryId, courseDuration, courseDescription, courseInstructorID, courseMinQualificationId, courseBatchSize, courseVideoLink, courseSyllabus, courseRating, courseStatus) VALUES (N'CA024Tajik24', 'Tajik', 'CA024', '12', 'Aut provident velit. Est.', 25, 5, 20, 'https://www.hadarewasthi.dk/eraforng/reshoenen.php?t=96&p=5747', 0x068849FE7004076C8A2C1F2552C368871574A4CDE354, 1, 1)
GO

--
-- Inserting data into table dbo.users
--
SET IDENTITY_INSERT dbo.users ON
GO
INSERT dbo.users(userId, userName, userPassword, userRoleId, userEmail, userPhone, userCountry, userState, userCity) VALUES (1, 'Dorothy', '202cb962ac59075b964b07152d234b70', 1, 'Dorothy@example.com', '+33 1 45 34 10 47', 'USA', 'New Jersey', 'Brookings')
INSERT dbo.users(userId, userName, userPassword, userRoleId, userEmail, userPhone, userCountry, userState, userCity) VALUES (2, 'Aron', '202cb962ac59075b964b07152d234b70', 2, 'Aron@example.com', '+44 1564 771355', 'USA', 'North Carolina', 'Grosse Pointe Woods')
INSERT dbo.users(userId, userName, userPassword, userRoleId, userEmail, userPhone, userCountry, userState, userCity) VALUES (3, 'Clint', '202cb962ac59075b964b07152d234b70', 1, 'Clint@example.com', '+33 5 84 44 46 99', 'USA', 'Kentucky', 'San Gabriel')
INSERT dbo.users(userId, userName, userPassword, userRoleId, userEmail, userPhone, userCountry, userState, userCity) VALUES (4, 'Nancie', '202cb962ac59075b964b07152d234b70', 2, 'Nancie@example.com', '+52 65 0541 3007', 'USA', 'New Mexico', 'Bellmead')
INSERT dbo.users(userId, userName, userPassword, userRoleId, userEmail, userPhone, userCountry, userState, userCity) VALUES (5, 'Olivia', '202cb962ac59075b964b07152d234b70', 1, 'Olivia@example.com', '+44 6265 061591', 'USA', 'Kentucky', 'Kettering')
INSERT dbo.users(userId, userName, userPassword, userRoleId, userEmail, userPhone, userCountry, userState, userCity) VALUES (6, 'Florene', '202cb962ac59075b964b07152d234b70', 2, 'Florene@example.com', '+49-6549-152434', 'USA', 'South Dakota', 'McComb')
INSERT dbo.users(userId, userName, userPassword, userRoleId, userEmail, userPhone, userCountry, userState, userCity) VALUES (7, 'Adelia', '202cb962ac59075b964b07152d234b70', 1, 'Adelia@example.com', '+33 0 01 97 25 55', 'USA', 'Alaska', 'Pittsfield')
INSERT dbo.users(userId, userName, userPassword, userRoleId, userEmail, userPhone, userCountry, userState, userCity) VALUES (8, 'Ammie', '202cb962ac59075b964b07152d234b70', 2, 'Ammie@example.com', '+380 38 553-089-8', 'USA', 'Texas', 'Medina')
INSERT dbo.users(userId, userName, userPassword, userRoleId, userEmail, userPhone, userCountry, userState, userCity) VALUES (9, 'Tajuana', '202cb962ac59075b964b07152d234b70', 1, 'Tajuana@example.com', '+49 (1229) 468603', 'USA', 'Wisconsin', 'Hazleton')
INSERT dbo.users(userId, userName, userPassword, userRoleId, userEmail, userPhone, userCountry, userState, userCity) VALUES (10, 'Kina', '202cb962ac59075b964b07152d234b70', 2, 'Kina@example.com', '+380 50 357-299-3', 'USA', 'North Dakota', 'Pecos')
INSERT dbo.users(userId, userName, userPassword, userRoleId, userEmail, userPhone, userCountry, userState, userCity) VALUES (11, 'Sharice', '202cb962ac59075b964b07152d234b70', 1, 'Sharice@example.com', '+55 76 3363-7938', 'USA', 'Iowa', 'Irondale')
INSERT dbo.users(userId, userName, userPassword, userRoleId, userEmail, userPhone, userCountry, userState, userCity) VALUES (12, 'Jolyn', '202cb962ac59075b964b07152d234b70', 2, 'Jolyn@example.com', '+49 (4244) 565520', 'USA', 'Missouri', 'Old Forge')
INSERT dbo.users(userId, userName, userPassword, userRoleId, userEmail, userPhone, userCountry, userState, userCity) VALUES (13, 'Adam', '202cb962ac59075b964b07152d234b70', 1, 'Adam@example.com', '+44 998 198 8570', 'USA', 'Massachusetts', 'Longview')
INSERT dbo.users(userId, userName, userPassword, userRoleId, userEmail, userPhone, userCountry, userState, userCity) VALUES (14, 'Andrew', '202cb962ac59075b964b07152d234b70', 2, 'Andrew@example.com', '+55 10 5221-6573', 'USA', 'Colorado', 'Wilton Manors')
INSERT dbo.users(userId, userName, userPassword, userRoleId, userEmail, userPhone, userCountry, userState, userCity) VALUES (15, 'Curtis', '202cb962ac59075b964b07152d234b70', 1, 'Curtis@example.com', '+420 679 961 060', 'USA', 'Washington', 'Cynthiana')
INSERT dbo.users(userId, userName, userPassword, userRoleId, userEmail, userPhone, userCountry, userState, userCity) VALUES (16, 'Christene', '202cb962ac59075b964b07152d234b70', 2, 'Christene@example.com', '+49-0860-500003', 'USA', 'Illinois', 'Newport')
INSERT dbo.users(userId, userName, userPassword, userRoleId, userEmail, userPhone, userCountry, userState, userCity) VALUES (17, 'Darrick', '202cb962ac59075b964b07152d234b70', 1, 'Darrick@example.com', '+49 (6227) 857444', 'USA', 'Hawaii', 'New Carrollton')
INSERT dbo.users(userId, userName, userPassword, userRoleId, userEmail, userPhone, userCountry, userState, userCity) VALUES (18, 'Carl', '202cb962ac59075b964b07152d234b70', 2, 'Carl@example.com', '+33 0 02 66 66 02', 'USA', 'Rhode Island', 'Camas')
INSERT dbo.users(userId, userName, userPassword, userRoleId, userEmail, userPhone, userCountry, userState, userCity) VALUES (19, 'Cheryl', '202cb962ac59075b964b07152d234b70', 1, 'Cheryl@example.com', '+380 61 782-323-6', 'USA', 'Vermont', 'Port Orchard')
INSERT dbo.users(userId, userName, userPassword, userRoleId, userEmail, userPhone, userCountry, userState, userCity) VALUES (20, 'Joaquin', '202cb962ac59075b964b07152d234b70', 2, 'Joaquin@example.com', '+33 3 44 38 85 49', 'USA', 'California', 'Edenton')
INSERT dbo.users(userId, userName, userPassword, userRoleId, userEmail, userPhone, userCountry, userState, userCity) VALUES (21, 'Trinidad', '202cb962ac59075b964b07152d234b70', 1, 'Trinidad@example.com', '+420 290 847 857', 'USA', 'Vermont', 'Orange Park')
INSERT dbo.users(userId, userName, userPassword, userRoleId, userEmail, userPhone, userCountry, userState, userCity) VALUES (22, 'Korey', '202cb962ac59075b964b07152d234b70', 2, 'Korey@example.com', '+49-9268-849947', 'USA', 'Nevada', 'California City')
INSERT dbo.users(userId, userName, userPassword, userRoleId, userEmail, userPhone, userCountry, userState, userCity) VALUES (23, 'Tabatha', '202cb962ac59075b964b07152d234b70', 1, 'Tabatha@example.com', '+420 282 834 142', 'USA', 'New Hampshire', 'Bonne Terre')
INSERT dbo.users(userId, userName, userPassword, userRoleId, userEmail, userPhone, userCountry, userState, userCity) VALUES (24, 'Adolfo', '202cb962ac59075b964b07152d234b70', 2, 'Adolfo@example.com', '+49 5889 152209', 'USA', 'Nebraska', 'Surprise')
INSERT dbo.users(userId, userName, userPassword, userRoleId, userEmail, userPhone, userCountry, userState, userCity) VALUES (25, 'Abel', '202cb962ac59075b964b07152d234b70', 1, 'Abel@example.com', '+49 (7290) 485397', 'USA', 'Nevada', 'Northville')
GO
SET IDENTITY_INSERT dbo.users OFF
GO

--
-- Inserting data into table dbo.batches
--
INSERT dbo.batches(batchId, batchName, batchCourseId, batchStatus, batchStrength, batchStartDate, batchEndDate) VALUES (N'BA000', 'Information Technology', 'CA000French00', 1, 20, '1970-01-01 00:00:01.000', '1970-01-01 00:00:01.000')
INSERT dbo.batches(batchId, batchName, batchCourseId, batchStatus, batchStrength, batchStartDate, batchEndDate) VALUES (N'BA001', 'Research and Development', 'CA001Chinese01', 1, 20, '1970-01-02 00:00:01.460', '1970-01-02 00:00:01.980')
INSERT dbo.batches(batchId, batchName, batchCourseId, batchStatus, batchStrength, batchStartDate, batchEndDate) VALUES (N'BA002', 'Manufacturing', 'CA002Afrikaans02', 1, 20, '1970-01-03 00:00:01.340', '1970-01-03 00:00:01.630')
INSERT dbo.batches(batchId, batchName, batchCourseId, batchStatus, batchStrength, batchStartDate, batchEndDate) VALUES (N'BA003', 'Consulting', 'CA003Malayalam03', 1, 20, '1970-01-04 00:00:01.540', '1970-01-04 00:00:01.240')
INSERT dbo.batches(batchId, batchName, batchCourseId, batchStatus, batchStrength, batchStartDate, batchEndDate) VALUES (N'BA004', 'Executive', 'CA004Polish04', 1, 20, '1970-01-05 00:00:01.980', '1970-01-05 00:00:01.200')
INSERT dbo.batches(batchId, batchName, batchCourseId, batchStatus, batchStrength, batchStartDate, batchEndDate) VALUES (N'BA005', 'Operations', 'CA005Breton05', 1, 20, '1970-01-06 00:00:01.010', '1970-01-06 00:00:01.460')
INSERT dbo.batches(batchId, batchName, batchCourseId, batchStatus, batchStrength, batchStartDate, batchEndDate) VALUES (N'BA006', 'Marketing', 'CA006Faroese06', 1, 20, '1970-01-07 00:00:01.690', '1970-01-07 00:00:01.560')
INSERT dbo.batches(batchId, batchName, batchCourseId, batchStatus, batchStrength, batchStartDate, batchEndDate) VALUES (N'BA007', 'Human Resources', 'CA007Shona07', 1, 20, '1970-01-08 00:00:01.230', '1970-01-08 00:00:01.680')
INSERT dbo.batches(batchId, batchName, batchCourseId, batchStatus, batchStrength, batchStartDate, batchEndDate) VALUES (N'BA008', 'Finance', 'CA008Tsonga08', 1, 20, '1970-01-09 00:00:01.150', '1970-01-09 00:00:01.650')
INSERT dbo.batches(batchId, batchName, batchCourseId, batchStatus, batchStrength, batchStartDate, batchEndDate) VALUES (N'BA009', 'Facilities', 'CA009Kuanyama09', 1, 20, '1970-01-10 00:00:01.420', '1970-01-10 00:00:01.550')
INSERT dbo.batches(batchId, batchName, batchCourseId, batchStatus, batchStrength, batchStartDate, batchEndDate) VALUES (N'BA010', 'Sales', 'CA010Kikuyu10', 1, 20, '1970-01-11 00:00:01.180', '1970-01-11 00:00:01.550')
INSERT dbo.batches(batchId, batchName, batchCourseId, batchStatus, batchStrength, batchStartDate, batchEndDate) VALUES (N'BA011', 'Customer Support', 'CA011Igbo11', 1, 20, '1970-01-12 00:00:01.330', '1970-01-12 00:00:01.070')
GO

--
-- Inserting data into table dbo.activity_log
--
SET IDENTITY_INSERT dbo.activity_log ON
GO
INSERT dbo.activity_log(id, userId, time) VALUES (1, 1, '1970-01-01 00:00:01.000')
INSERT dbo.activity_log(id, userId, time) VALUES (2, 2, '1970-01-02 00:00:01.510')
INSERT dbo.activity_log(id, userId, time) VALUES (3, 3, '1970-01-03 00:00:01.930')
INSERT dbo.activity_log(id, userId, time) VALUES (4, 4, '1970-01-04 00:00:01.930')
INSERT dbo.activity_log(id, userId, time) VALUES (5, 5, '1970-01-05 00:00:01.410')
INSERT dbo.activity_log(id, userId, time) VALUES (6, 6, '1970-01-06 00:00:01.910')
INSERT dbo.activity_log(id, userId, time) VALUES (7, 7, '1970-01-07 00:00:01.430')
INSERT dbo.activity_log(id, userId, time) VALUES (8, 8, '1970-01-08 00:00:01.130')
INSERT dbo.activity_log(id, userId, time) VALUES (9, 9, '1970-01-09 00:00:01.150')
INSERT dbo.activity_log(id, userId, time) VALUES (10, 10, '1970-01-10 00:00:01.670')
INSERT dbo.activity_log(id, userId, time) VALUES (11, 11, '1970-01-11 00:00:01.920')
INSERT dbo.activity_log(id, userId, time) VALUES (12, 12, '1970-01-12 00:00:01.810')
INSERT dbo.activity_log(id, userId, time) VALUES (13, 13, '1970-01-13 00:00:01.670')
INSERT dbo.activity_log(id, userId, time) VALUES (14, 14, '1970-01-14 00:00:01.080')
INSERT dbo.activity_log(id, userId, time) VALUES (15, 15, '1970-01-15 00:00:01.040')
INSERT dbo.activity_log(id, userId, time) VALUES (16, 16, '1970-01-16 00:00:01.150')
INSERT dbo.activity_log(id, userId, time) VALUES (17, 17, '1970-01-17 00:00:01.540')
INSERT dbo.activity_log(id, userId, time) VALUES (18, 18, '1970-01-18 00:00:01.940')
INSERT dbo.activity_log(id, userId, time) VALUES (19, 19, '1970-01-19 00:00:01.910')
INSERT dbo.activity_log(id, userId, time) VALUES (20, 20, '1970-01-20 00:00:01.180')
INSERT dbo.activity_log(id, userId, time) VALUES (21, 21, '1970-01-21 00:00:01.710')
INSERT dbo.activity_log(id, userId, time) VALUES (22, 22, '1970-01-22 00:00:01.810')
INSERT dbo.activity_log(id, userId, time) VALUES (23, 23, '1970-01-23 00:00:01.110')
INSERT dbo.activity_log(id, userId, time) VALUES (24, 24, '1970-01-24 00:00:01.700')
INSERT dbo.activity_log(id, userId, time) VALUES (25, 25, '1970-01-25 00:00:01.960')
GO
SET IDENTITY_INSERT dbo.activity_log OFF
GO

--
-- Inserting data into table dbo.course_enrollment
--
SET IDENTITY_INSERT dbo.course_enrollment ON
GO
INSERT dbo.course_enrollment(id, userId, courseId, batchId, enrollStatus, score) VALUES (1, 1, 'CA000French00', 'BA000', 'ENROLLED', 0)
INSERT dbo.course_enrollment(id, userId, courseId, batchId, enrollStatus, score) VALUES (2, 2, 'CA001Chinese01', 'BA001', 'ENROLLED', 1)
INSERT dbo.course_enrollment(id, userId, courseId, batchId, enrollStatus, score) VALUES (3, 3, 'CA002Afrikaans02', 'BA002', 'ENQUIRED', 2)
INSERT dbo.course_enrollment(id, userId, courseId, batchId, enrollStatus, score) VALUES (4, 4, 'CA003Malayalam03', 'BA003', 'ENQUIRED', 3)
INSERT dbo.course_enrollment(id, userId, courseId, batchId, enrollStatus, score) VALUES (5, 5, 'CA004Polish04', 'BA004', 'ENROLLED', 4)
INSERT dbo.course_enrollment(id, userId, courseId, batchId, enrollStatus, score) VALUES (6, 6, 'CA005Breton05', 'BA005', 'ENROLLED', 5)
INSERT dbo.course_enrollment(id, userId, courseId, batchId, enrollStatus, score) VALUES (7, 7, 'CA006Faroese06', 'BA006', 'ENQUIRED', 6)
INSERT dbo.course_enrollment(id, userId, courseId, batchId, enrollStatus, score) VALUES (8, 8, 'CA007Shona07', 'BA007', 'ENQUIRED', 7)
INSERT dbo.course_enrollment(id, userId, courseId, batchId, enrollStatus, score) VALUES (9, 9, 'CA008Tsonga08', 'BA008', 'REJECTED', 8)
INSERT dbo.course_enrollment(id, userId, courseId, batchId, enrollStatus, score) VALUES (10, 10, 'CA009Kuanyama09', 'BA009', 'ENROLLED', 9)
INSERT dbo.course_enrollment(id, userId, courseId, batchId, enrollStatus, score) VALUES (11, 11, 'CA010Kikuyu10', 'BA010', 'ENQUIRED', 10)
INSERT dbo.course_enrollment(id, userId, courseId, batchId, enrollStatus, score) VALUES (12, 12, 'CA011Igbo11', 'BA011', 'ENQUIRED', 11)
INSERT dbo.course_enrollment(id, userId, courseId, batchId, enrollStatus, score) VALUES (13, 13, 'CA012Kongo12', 'BA000', 'REJECTED', 12)
INSERT dbo.course_enrollment(id, userId, courseId, batchId, enrollStatus, score) VALUES (14, 14, 'CA013Avestan13', 'BA001', 'ENQUIRED', 13)
INSERT dbo.course_enrollment(id, userId, courseId, batchId, enrollStatus, score) VALUES (15, 15, 'CA014Gujarati14', 'BA002', 'COMPLETED', 14)
INSERT dbo.course_enrollment(id, userId, courseId, batchId, enrollStatus, score) VALUES (16, 16, 'CA015Maltese15', 'BA003', 'ENROLLED', 15)
INSERT dbo.course_enrollment(id, userId, courseId, batchId, enrollStatus, score) VALUES (17, 17, 'CA016Pali16', 'BA004', 'ENROLLED', 16)
INSERT dbo.course_enrollment(id, userId, courseId, batchId, enrollStatus, score) VALUES (18, 18, 'CA017Slovak17', 'BA005', 'ENQUIRED', 17)
INSERT dbo.course_enrollment(id, userId, courseId, batchId, enrollStatus, score) VALUES (19, 19, 'CA018Wolof18', 'BA006', 'ENROLLED', 18)
INSERT dbo.course_enrollment(id, userId, courseId, batchId, enrollStatus, score) VALUES (20, 20, 'CA019Zulu19', 'BA007', 'ENROLLED', 19)
INSERT dbo.course_enrollment(id, userId, courseId, batchId, enrollStatus, score) VALUES (21, 21, 'CA020Turkmen20', 'BA008', 'COMPLETED', 20)
INSERT dbo.course_enrollment(id, userId, courseId, batchId, enrollStatus, score) VALUES (22, 22, 'CA021Persian21', 'BA009', 'ENROLLED', 21)
INSERT dbo.course_enrollment(id, userId, courseId, batchId, enrollStatus, score) VALUES (23, 23, 'CA022Tigrinya22', 'BA010', 'COMPLETED', 22)
INSERT dbo.course_enrollment(id, userId, courseId, batchId, enrollStatus, score) VALUES (24, 24, 'CA023Romansh23', 'BA011', 'ENROLLED', 23)
INSERT dbo.course_enrollment(id, userId, courseId, batchId, enrollStatus, score) VALUES (25, 25, 'CA024Tajik24', 'BA000', 'ENROLLED', 24)
GO
SET IDENTITY_INSERT dbo.course_enrollment OFF
GO

--
-- Inserting data into table dbo.enquiries
--
SET IDENTITY_INSERT dbo.enquiries ON
GO
INSERT dbo.enquiries(enquiryId, enquiryUserId, enquiryCourseId, enquiryDescription, enquiryStatus) VALUES (1, 10, 'CA002Afrikaans02', 'Provident dolores rerum. Rerum ut aspernatur repudiandae accusantium! Qui quis quo sit dolorem consequatur qui; reiciendis expedita sed. Qui facere.', 0)
INSERT dbo.enquiries(enquiryId, enquiryUserId, enquiryCourseId, enquiryDescription, enquiryStatus) VALUES (2, 22, 'CA012Kongo12', 'Autem ex voluptas. Reiciendis ratione iusto nostrum temporibus suscipit non; est sit facilis provident sequi ut nisi.', 0)
INSERT dbo.enquiries(enquiryId, enquiryUserId, enquiryCourseId, enquiryDescription, enquiryStatus) VALUES (3, 18, 'CA007Shona07', 'Quis aut cum. Rem temporibus et. Eligendi quae qui. Autem sequi voluptatem! Qui ad omnis; nam eligendi eum. Obcaecati omnis eos; aut sunt fugit? Aliquid a.', 1)
INSERT dbo.enquiries(enquiryId, enquiryUserId, enquiryCourseId, enquiryDescription, enquiryStatus) VALUES (4, 6, 'CA013Avestan13', 'Repellendus mollitia nobis. Ut aut doloribus quis. Placeat laborum id minus accusantium dolores eos. Aperiam exercitationem provident reprehenderit doloribus!', 0)
INSERT dbo.enquiries(enquiryId, enquiryUserId, enquiryCourseId, enquiryDescription, enquiryStatus) VALUES (5, 2, 'CA012Kongo12', 'Sit consequatur autem. Totam minus eius! Nisi a ut. Voluptas blanditiis est. Ut quam sit; et tenetur commodi. Asperiores voluptas fuga. Cupiditate dicta.', 0)
INSERT dbo.enquiries(enquiryId, enquiryUserId, enquiryCourseId, enquiryDescription, enquiryStatus) VALUES (6, 23, 'CA002Afrikaans02', 'Quibusdam rerum asperiores sit dolorum a beatae.', 1)
INSERT dbo.enquiries(enquiryId, enquiryUserId, enquiryCourseId, enquiryDescription, enquiryStatus) VALUES (7, 15, 'CA002Afrikaans02', 'In ut placeat. Enim dolores voluptate! Et consequuntur nisi. Quasi eaque eum! Ut est explicabo. Temporibus aut pariatur? Numquam recusandae ut. Deserunt.', 1)
INSERT dbo.enquiries(enquiryId, enquiryUserId, enquiryCourseId, enquiryDescription, enquiryStatus) VALUES (8, 15, 'CA020Turkmen20', 'Dolorem odit et aut ipsum laboriosam consequatur. Reiciendis porro vel laborum pariatur vel? Quidem quibusdam molestias et.', 1)
INSERT dbo.enquiries(enquiryId, enquiryUserId, enquiryCourseId, enquiryDescription, enquiryStatus) VALUES (9, 1, 'CA002Afrikaans02', 'Possimus et accusantium. Corporis eligendi hic in incidunt? Molestias ut nisi quia; sed non ipsam ducimus dolores alias. A est et!', 0)
INSERT dbo.enquiries(enquiryId, enquiryUserId, enquiryCourseId, enquiryDescription, enquiryStatus) VALUES (10, 16, 'CA020Turkmen20', 'Voluptatem expedita sit. Aut neque quia voluptatem? Aut maxime aut aliquid et quia delectus; sit iure doloremque inventore esse. Quia sed nam...', 0)
INSERT dbo.enquiries(enquiryId, enquiryUserId, enquiryCourseId, enquiryDescription, enquiryStatus) VALUES (11, 25, 'CA011Igbo11', 'Iste quia excepturi. Natus error possimus! Molestiae nam exercitationem. Rerum laborum delectus. Inventore quae ipsum. Ab amet odit. Possimus ad est.', 1)
INSERT dbo.enquiries(enquiryId, enquiryUserId, enquiryCourseId, enquiryDescription, enquiryStatus) VALUES (12, 25, 'CA019Zulu19', 'Magnam qui eum. Rerum velit et? Ut ducimus eveniet. Impedit quis ut. Eius aut alias! Est optio molestiae. Hic id soluta. Pariatur molestias velit; vel fugit.', 1)
INSERT dbo.enquiries(enquiryId, enquiryUserId, enquiryCourseId, enquiryDescription, enquiryStatus) VALUES (13, 5, 'CA011Igbo11', 'Iusto et quaerat sapiente facere et aut; omnis ipsum dolor minima fugit veritatis qui.', 1)
INSERT dbo.enquiries(enquiryId, enquiryUserId, enquiryCourseId, enquiryDescription, enquiryStatus) VALUES (14, 2, 'CA002Afrikaans02', 'Voluptatum et aut. Soluta qui nihil. Ut dolore harum. Labore voluptas quas; temporibus est voluptas. Ut quo error? Illum obcaecati optio. Porro ut ea. Est!', 1)
INSERT dbo.enquiries(enquiryId, enquiryUserId, enquiryCourseId, enquiryDescription, enquiryStatus) VALUES (15, 17, 'CA019Zulu19', 'Accusamus perspiciatis aliquam magni dolorem esse. Deleniti ut qui! Accusantium ut quidem. Dolor quo nam! Sed sunt et. Et omnis dolore.', 0)
INSERT dbo.enquiries(enquiryId, enquiryUserId, enquiryCourseId, enquiryDescription, enquiryStatus) VALUES (16, 23, 'CA006Faroese06', 'Et maxime minima corporis accusantium; unde ducimus aut et. Quo tempora totam eaque odio numquam eos.', 0)
INSERT dbo.enquiries(enquiryId, enquiryUserId, enquiryCourseId, enquiryDescription, enquiryStatus) VALUES (17, 14, 'CA022Tigrinya22', 'Deleniti aliquid pariatur reiciendis ut sit. Itaque soluta officia. Ab esse quis! Magnam consequuntur asperiores. Sed ut deleniti. Impedit aut sunt.', 0)
INSERT dbo.enquiries(enquiryId, enquiryUserId, enquiryCourseId, enquiryDescription, enquiryStatus) VALUES (18, 2, 'CA003Malayalam03', 'Enim magnam repudiandae. Debitis quasi mollitia; qui fugit est. Dolorem ut eum. Quia a provident. Rem in tempora. Similique qui sed!', 1)
INSERT dbo.enquiries(enquiryId, enquiryUserId, enquiryCourseId, enquiryDescription, enquiryStatus) VALUES (19, 25, 'CA022Tigrinya22', 'Non ut hic voluptatem. Doloremque delectus fugiat dolorem! Cumque perspiciatis quis porro placeat soluta. Odio repellat architecto praesentium repellendus.', 1)
INSERT dbo.enquiries(enquiryId, enquiryUserId, enquiryCourseId, enquiryDescription, enquiryStatus) VALUES (20, 4, 'CA001Chinese01', 'Facilis veritatis est. Quidem laborum ullam? Sint quae fuga; exercitationem pariatur esse? Et nostrum ullam. Expedita et rerum! Accusantium aut laboriosam?', 1)
INSERT dbo.enquiries(enquiryId, enquiryUserId, enquiryCourseId, enquiryDescription, enquiryStatus) VALUES (21, 17, 'CA002Afrikaans02', 'Sint et id tenetur eos sit; enim expedita exercitationem dolores. Possimus aut perspiciatis laboriosam officia fuga corporis.', 1)
INSERT dbo.enquiries(enquiryId, enquiryUserId, enquiryCourseId, enquiryDescription, enquiryStatus) VALUES (22, 13, 'CA022Tigrinya22', 'Odio reiciendis quasi. Quia quaerat accusamus? Earum doloremque rem! Animi amet aperiam. Qui possimus natus. Consectetur laborum aut! Animi vitae corporis.', 0)
INSERT dbo.enquiries(enquiryId, enquiryUserId, enquiryCourseId, enquiryDescription, enquiryStatus) VALUES (23, 13, 'CA006Faroese06', 'Optio aliquid id. Eveniet ea qui. Quo non assumenda; ratione eos consequuntur. Rerum corporis est. Quia nulla doloremque? Qui aut esse! Cumque id aut...', 1)
INSERT dbo.enquiries(enquiryId, enquiryUserId, enquiryCourseId, enquiryDescription, enquiryStatus) VALUES (24, 8, 'CA006Faroese06', 'Quis non consequatur nisi laboriosam odit. Dolores ullam ex. Ea in aut! Commodi accusamus animi doloribus corrupti cum quis.', 0)
INSERT dbo.enquiries(enquiryId, enquiryUserId, enquiryCourseId, enquiryDescription, enquiryStatus) VALUES (25, 22, 'CA002Afrikaans02', 'Enim delectus illum. Quas ex aut? Eos a sint. Ipsa et ipsum? Omnis ullam aliquam; rem eligendi sunt. Quod deserunt nemo. Fuga dolorum ut.', 1)
GO
SET IDENTITY_INSERT dbo.enquiries OFF
GO

--
-- Inserting data into table dbo.user_batch
--
SET IDENTITY_INSERT dbo.user_batch ON
GO
INSERT dbo.user_batch(id, userId, batchId) VALUES (1, 5, 'BA000')
INSERT dbo.user_batch(id, userId, batchId) VALUES (2, 21, 'BA001')
INSERT dbo.user_batch(id, userId, batchId) VALUES (3, 15, 'BA002')
INSERT dbo.user_batch(id, userId, batchId) VALUES (4, 10, 'BA003')
INSERT dbo.user_batch(id, userId, batchId) VALUES (5, 10, 'BA004')
INSERT dbo.user_batch(id, userId, batchId) VALUES (6, 19, 'BA005')
INSERT dbo.user_batch(id, userId, batchId) VALUES (7, 24, 'BA006')
INSERT dbo.user_batch(id, userId, batchId) VALUES (8, 9, 'BA007')
INSERT dbo.user_batch(id, userId, batchId) VALUES (9, 12, 'BA008')
INSERT dbo.user_batch(id, userId, batchId) VALUES (10, 22, 'BA009')
INSERT dbo.user_batch(id, userId, batchId) VALUES (11, 25, 'BA010')
INSERT dbo.user_batch(id, userId, batchId) VALUES (12, 21, 'BA011')
INSERT dbo.user_batch(id, userId, batchId) VALUES (13, 10, 'BA000')
INSERT dbo.user_batch(id, userId, batchId) VALUES (14, 11, 'BA001')
INSERT dbo.user_batch(id, userId, batchId) VALUES (15, 6, 'BA002')
INSERT dbo.user_batch(id, userId, batchId) VALUES (16, 16, 'BA003')
INSERT dbo.user_batch(id, userId, batchId) VALUES (17, 18, 'BA004')
INSERT dbo.user_batch(id, userId, batchId) VALUES (18, 12, 'BA005')
INSERT dbo.user_batch(id, userId, batchId) VALUES (19, 5, 'BA006')
INSERT dbo.user_batch(id, userId, batchId) VALUES (20, 24, 'BA007')
INSERT dbo.user_batch(id, userId, batchId) VALUES (21, 13, 'BA008')
INSERT dbo.user_batch(id, userId, batchId) VALUES (22, 7, 'BA009')
INSERT dbo.user_batch(id, userId, batchId) VALUES (23, 20, 'BA010')
INSERT dbo.user_batch(id, userId, batchId) VALUES (24, 5, 'BA011')
INSERT dbo.user_batch(id, userId, batchId) VALUES (25, 2, 'BA000')
GO
SET IDENTITY_INSERT dbo.user_batch OFF
GO

--
-- Inserting data into table dbo.user_qualification
--
SET IDENTITY_INSERT dbo.user_qualification ON
GO
INSERT dbo.user_qualification(id, userId, qualificationId) VALUES (1, 1, 1)
INSERT dbo.user_qualification(id, userId, qualificationId) VALUES (2, 2, 2)
INSERT dbo.user_qualification(id, userId, qualificationId) VALUES (3, 3, 3)
INSERT dbo.user_qualification(id, userId, qualificationId) VALUES (4, 4, 4)
INSERT dbo.user_qualification(id, userId, qualificationId) VALUES (5, 5, 5)
INSERT dbo.user_qualification(id, userId, qualificationId) VALUES (6, 6, 1)
INSERT dbo.user_qualification(id, userId, qualificationId) VALUES (7, 7, 2)
INSERT dbo.user_qualification(id, userId, qualificationId) VALUES (8, 8, 3)
INSERT dbo.user_qualification(id, userId, qualificationId) VALUES (9, 9, 4)
INSERT dbo.user_qualification(id, userId, qualificationId) VALUES (10, 10, 5)
INSERT dbo.user_qualification(id, userId, qualificationId) VALUES (11, 11, 1)
INSERT dbo.user_qualification(id, userId, qualificationId) VALUES (12, 12, 2)
INSERT dbo.user_qualification(id, userId, qualificationId) VALUES (13, 13, 3)
INSERT dbo.user_qualification(id, userId, qualificationId) VALUES (14, 14, 4)
INSERT dbo.user_qualification(id, userId, qualificationId) VALUES (15, 15, 5)
INSERT dbo.user_qualification(id, userId, qualificationId) VALUES (16, 16, 1)
INSERT dbo.user_qualification(id, userId, qualificationId) VALUES (17, 17, 2)
INSERT dbo.user_qualification(id, userId, qualificationId) VALUES (18, 18, 3)
INSERT dbo.user_qualification(id, userId, qualificationId) VALUES (19, 19, 4)
INSERT dbo.user_qualification(id, userId, qualificationId) VALUES (20, 20, 5)
INSERT dbo.user_qualification(id, userId, qualificationId) VALUES (21, 21, 1)
INSERT dbo.user_qualification(id, userId, qualificationId) VALUES (22, 22, 2)
INSERT dbo.user_qualification(id, userId, qualificationId) VALUES (23, 23, 3)
INSERT dbo.user_qualification(id, userId, qualificationId) VALUES (24, 24, 4)
INSERT dbo.user_qualification(id, userId, qualificationId) VALUES (25, 25, 5)
GO
SET IDENTITY_INSERT dbo.user_qualification OFF
GO

--
-- Set NOEXEC to off
--

SET NOEXEC OFF
GO